Task_ID,Created_Date
365555307,
365542531,
365541203,
365540558,
365540241,
365540026,
365539518,
365539230,
365538198,
365538059,
365537920,
365537140,
365536263,
365535585,
365534687,
365532669,
365530639,
365530549,
365530472,
365530372,
365530307,
365530222,
365530135,
365530046,
365529982,
365529689,
365529626,
365529572,
365529500,
365529349,
365529274,
365529198,
365528928,
365528724,
365528591,
365528470,
365528174,
365527850,
365527711,
365525910,
365525860,
365525766,
365466906,
365466620,
365465794,
365464601,
365460848,
365459487,
365449195,
365448653,
365448186,
365447815,
365446302,
365445839,
365445565,
365445278,
365444761,
365444370,
365443912,
365443348,
365442705,
365442390,
365441990,
365441163,
365440702,
365440144,
365439615,
365438930,
365437949,
365437149,
365436168,
365435196,
365434607,
365433981,
365433484,
365432713,
365427773,
365167586,
365167306,
365166668,
365166328,
365165870,
365165027,
365164572,
365164058,
365160119,
365159217,
365158828,
365158485,
365158006,
365157525,
365156385,
365155488,
365155113,
365154700,
365154408,
365154139,
365153643,
365152609,
365151844,
365151064,
365150783,
365150513,
365150141,
365148266,
365147386,
365147086,
365146772,
365145773,
365145515,
365145194,
365144119,
365141367,
365140517,
364974659,
364974381,
364973156,
364972345,
364970852,
364970425,
364969565,
364968630,
364968012,
364966884,
364966060,
364965188,
364964305,
364963371,
364962788,
364961899,
364961058,
364959773,
364959209,
364958642,
364957867,
364956793,
364956286,
364955436,
364954708,
364954226,
364952987,
364952249,
364951436,
364950954,
364949935,
364948389,
364948003,
364942695,
364942108,
364941686,
364941182,
364741520,
364741309,
364741167,
364740989,
364740628,
364739724,
364739467,
364739307,
364738952,
364738756,
364738641,
364738476,
364738341,
364738154,
364737987,
364734374,
364734292,
364734218,
364734136,
364734037,
364733940,
364733775,
364733578,
364733069,
364732983,
364732875,
364732771,
364732686,
364732606,
364732570,
364732516,
364732406,
364732210,
364732004,
364731888,
364731807,
364731716,
364731617,
364731507,
364731436,
364188577,
364187930,
364186423,
364184605,
364183883,
364182779,
364181641,
364180669,
364176519,
364175519,
364173939,
364170558,
364170080,
364169536,
364166942,
364166420,
364165326,
364164709,
364162881,
364161897,
364160692,
364158411,
364154692,
364152338,
364148539,
364144299,
364143355,
364127047,
364126041,
364125238,
364124799,
364123277,
364122796,
364118495,
364114409,
364112232,
364111827,
364110764,
364100282,
364099245,
364090237,
364089561,
364088096,
363978723,
363978383,
363977760,
363977129,
363975290,
363974843,
363974244,
363973368,
363973144,
363972545,
363971968,
363968648,
363962084,
363954164,
363924666,
363922848,
363921546,
363920662,
363919443,
363912514,
363910967,
363909625,
363908373,
363906302,
363904436,
363898862,
363897733,
363896640,
363895940,
363895365,
363894777,
363891911,
363891321,
363757506,
363756251,
363754163,
363753006,
363750224,
363745874,
363743803,
363741765,
363739813,
363736748,
363734922,
363733706,
363732484,
363731210,
363730107,
363725405,
363724401,
363721817,
363718302,
363716142,
363707010,
363701626,
363700117,
363698303,
363695335,
363693515,
363692835,
363690579,
363502161,
363501446,
363500947,
363500264,
363499428,
363494301,
363493236,
363492646,
363491811,
363490671,
363487881,
363485130,
363484115,
363483179,
363482445,
363481733,
363475741,
363474331,
363473380,
363472455,
363471843,
363471111,
363470671,
363469884,
363469372,
363468828,
363468138,
363467079,
363466457,
363465760,
363464981,
363006906,
363006611,
363006340,
363005998,
363005589,
363005087,
363004726,
363004262,
363000982,
363000514,
362999088,
362998030,
362997591,
362997133,
362996711,
362996249,
362995726,
362994006,
362992981,
362991882,
362990943,
362989440,
362989115,
362988697,
362988342,
362987529,
362986790,
362986432,
362986085,
362985571,
362984660,
362983593,
362811784,
362811305,
362810915,
362810160,
362809685,
362808552,
362787622,
362787224,
362786727,
362786386,
362786011,
362783677,
362783264,
362782811,
362782217,
362780678,
362780270,
362778940,
362777842,
362775748,
362774976,
362774237,
362773117,
362771848,
362770492,
362769875,
362769115,
362768056,
362767408,
362766817,
362766254,
362561581,
362561157,
362560673,
362560483,
362560169,
362559558,
362559269,
362558134,
362557255,
362555921,
362555561,
362554882,
362554686,
362554339,
362554028,
362553032,
362552104,
362551843,
362551660,
362551321,
362551184,
362550774,
362549764,
362549322,
362549133,
362548362,
362548202,
362547961,
362547763,
362547452,
362546983,
362457554,
362456774,
362456176,
362455493,
362455097,
362454638,
362454167,
362449468,
362448981,
362448075,
362447018,
362445561,
362445118,
362444525,
362441697,
362441243,
362440303,
362436412,
362434759,
362432476,
362431462,
362429668,
362428361,
362427214,
362426567,
362425352,
362424372,
362422942,
362248745,
362248299,
362247596,
362246452,
362245644,
362245126,
362244257,
362241086,
362240558,
362239586,
362238905,
362237957,
362236835,
362235834,
362234666,
362232882,
362230795,
362230406,
362229672,
362228940,
362228159,
362226225,
362224710,
362223721,
362223366,
362222452,
362220550,
362220015,
361831260,
361829902,
361829170,
361827354,
361826562,
361825315,
361823184,
361821807,
361821337,
361820920,
361820507,
361818804,
361818374,
361817595,
361811254,
361810443,
361805438,
361803928,
361801128,
361800402,
361799092,
361796467,
361794948,
361793891,
361788334,
361786334,
361785285,
361783488,
361781748,
361781028,
361780538,
361778136,
361775898,
361775459,
361774796,
361589920,
361589274,
361585309,
361584623,
361579121,
361577196,
361576028,
361574664,
361573065,
361572049,
361570204,
361567838,
361566254,
361564248,
361562420,
361559622,
361557762,
361556288,
361550711,
361550287,
361548298,
361547982,
361547245,
361544853,
361544414,
361543693,
361543158,
361538156,
361537728,
361537255,
361536865,
361380031,
361378240,
361377619,
361376701,
361376099,
361374966,
361374148,
361370761,
361363393,
361362263,
361359193,
361357576,
361355473,
361354658,
361352807,
361350579,
361348747,
361346307,
361345289,
361344309,
361343705,
361337122,
361335949,
361332863,
361331974,
361331391,
361329672,
361326289,
361149692,
361149055,
361148465,
361146397,
361145820,
361145314,
361142962,
361141964,
361141394,
361140906,
361140078,
361139064,
361138142,
361137313,
361136312,
361133984,
361132604,
361130355,
361129635,
361128751,
361128055,
361126335,
361102815,
361102227,
361101967,
361101659,
361100891,
361100230,
360928929,
360928437,
360927943,
360927241,
360926589,
360924914,
360924471,
360923802,
360922675,
360922192,
360921359,
360920124,
360919072,
360918573,
360918133,
360917317,
360916777,
360915832,
360913874,
360910301,
360908436,
360907806,
360907063,
360906592,
360906034,
360905240,
360904715,
360903880,
360903663,
360903289,
360903079,
360902863,
360201462,
360201083,
360198647,
360198121,
360197716,
360197224,
360196928,
360195854,
360194990,
360194629,
360193321,
360192916,
360192681,
360192465,
360192175,
360191714,
360191491,
360191239,
360191083,
360190824,
360190571,
360189416,
360188558,
360188246,
360188082,
360187928,
360187620,
360187429,
360092569,
360091176,
360090550,
360089263,
360087343,
360086561,
360085999,
360085471,
360083700,
360083187,
360082684,
360082242,
360081870,
360080993,
360079829,
360078632,
360076747,
360071641,
360070147,
360069154,
360066209,
360064196,
360063063,
360061000,
360060178,
360059354,
360058665,
359847443,
359846581,
359846206,
359845764,
359844888,
359844084,
359841754,
359840344,
359839809,
359838506,
359838054,
359837214,
359836395,
359834290,
359831455,
359830465,
359826630,
359825178,
359823857,
359823288,
359822830,
359822100,
359819277,
359818694,
359815636,
359814986,
359814368,
359812991,
359812445,
359810069,
359809554,
359809252,
359510058,
359509755,
359509454,
359509243,
359508979,
359508723,
359508440,
359508033,
359507683,
359507302,
359506825,
359506486,
359505882,
359505277,
359503562,
359503052,
359501676,
359500202,
359499441,
359498174,
359495780,
359495083,
359494414,
359493686,
359493140,
359492762,
359492117,
359116570,
359116032,
359115061,
359114074,
359113799,
359113229,
359112416,
359110060,
359109574,
359108781,
359108401,
359107000,
359105578,
359104825,
359102936,
359102077,
359101220,
359098001,
359096878,
359096431,
359095479,
359095191,
359094864,
359094308,
359093833,
359093394,
359092577,
359092009,
359070503,
358937253,
358936893,
358936637,
358936048,
358935277,
358934772,
358934287,
358933614,
358931293,
358930643,
358930388,
358929804,
358929426,
358929039,
358928617,
358928311,
358927841,
358927586,
358927201,
358926651,
358926300,
358925828,
358924485,
358924148,
358923329,
358922921,
358922446,
358921994,
358921695,
358921142,
358757874,
358757620,
358757349,
358756534,
358751831,
358751412,
358751012,
358750690,
358750438,
358750161,
358749645,
358749192,
358748357,
358747878,
358747382,
358747039,
358746738,
358746328,
358745754,
358745492,
358745159,
358744863,
358743998,
358743593,
358743135,
358742632,
358742096,
358741724,
358741088,
358693967,
358575976,
358574952,
358574379,
358573590,
358572954,
358556014,
358555782,
358555436,
358555119,
358554767,
358554409,
358554050,
358553729,
358552918,
358552603,
358552271,
358551830,
358550968,
358550512,
358548187,
358547531,
358546878,
358544102,
358542769,
358542242,
358541925,
358541482,
358540828,
358540221,
358288685,
358287679,
358286498,
358286027,
358285548,
358283916,
358283025,
358282420,
358281937,
358281674,
358281416,
358281155,
358280633,
358279877,
358279422,
358279167,
358278792,
358278299,
358277790,
358276428,
358275308,
358274153,
358272149,
358271504,
358270295,
358269754,
358269398,
358269113,
357744646,
357743602,
357739938,
357736858,
357736596,
357735507,
357734132,
357733779,
357733463,
357732420,
357732181,
357730366,
357729786,
357729305,
357718386,
357717999,
357717467,
357717194,
357716558,
357716120,
357715507,
357714185,
357713892,
357713699,
357713335,
357712933,
357712552,
357711805,
357711631,
357711384,
357711120,
357565767,
357565221,
357564463,
357564012,
357563673,
357563109,
357562631,
357562262,
357561390,
357560497,
357559200,
357558707,
357558094,
357557075,
357555870,
357553973,
357552048,
357550036,
357548833,
357547089,
357543009,
357542567,
357541919,
357541486,
357540936,
357540338,
357539582,
357539127,
357538631,
357367474,
357366995,
357365960,
357365196,
357364505,
357362296,
357361970,
357361504,
357360262,
357359975,
357359550,
357358403,
357357790,
357357274,
357356719,
357356323,
357355701,
357355146,
357354722,
357354072,
357353586,
357351963,
357351448,
357350717,
357350212,
357349714,
357349351,
357348655,
357346320,
357345602,
357344573,
357344198,
357166529,
357166249,
357165635,
357165383,
357165117,
357164748,
357150505,
357150047,
357149064,
357148617,
357147914,
357147466,
357144710,
357144329,
357143847,
357142877,
357141533,
357140716,
357138615,
357137486,
357137001,
357136277,
357135703,
357134667,
357134156,
357132968,
357132145,
357129193,
357128624,
357128106,
357127142,
356955820,
356954449,
356953390,
356952997,
356951812,
356951040,
356949433,
356946599,
356945953,
356945344,
356942680,
356933611,
356932860,
356930783,
356929337,
356928455,
356927031,
356925581,
356923522,
356920807,
356916381,
356914544,
356913066,
356911612,
356909982,
356908345,
356907507,
356902846,
356901768,
356899185,
356898629,
356588721,
356587934,
356587141,
356586633,
356585891,
356585095,
356583890,
356582109,
356581607,
356577934,
356577329,
356576833,
356576269,
356575217,
356574350,
356574030,
356573262,
356572527,
356570505,
356569531,
356568554,
356566860,
356565712,
356563798,
356562958,
356562466,
356561288,
356560956,
356560203,
356559919,
356559243,
356373638,
356372707,
356371759,
356370693,
356369266,
356366578,
356365586,
356365053,
356364425,
356364023,
356362209,
356360962,
356359797,
356359348,
356357919,
356357057,
356356373,
356355357,
356354644,
356352747,
356351676,
356351182,
356350739,
356350303,
356349152,
356348027,
356347297,
356346511,
356346224,
356345595,
356169591,
356169260,
356168957,
356168528,
356168300,
356168016,
356167444,
356167078,
356166023,
356165739,
356165372,
356164838,
356162037,
356161373,
356160260,
356158693,
356158445,
356158243,
356157905,
356157510,
356156722,
356156133,
356152853,
356151912,
356151532,
356150979,
356150242,
356149916,
356149387,
356148495,
356007979,
356007303,
356006425,
356005674,
356004792,
356004031,
356003351,
356002716,
356001379,
356000670,
356000328,
355999993,
355999333,
355998133,
355996344,
355994828,
355994212,
355992628,
355991258,
355988024,
355986595,
355983922,
355983166,
355982106,
355981165,
355980802,
355980501,
355979684,
355979113,
355978639,
355831793,
355831188,
355830457,
355830026,
355828915,
355827530,
355826835,
355826298,
355825452,
355824916,
355824352,
355822625,
355821465,
355820524,
355819689,
355817886,
355817479,
355816419,
355815669,
355814723,
355814177,
355813632,
355811931,
355805510,
355804912,
355804506,
355804119,
355803174,
355802832,
355800578,
355800130,
355799660,
355798641,
355596840,
355596179,
355595494,
355595116,
355588620,
355587314,
355586835,
355586406,
355585452,
355585070,
355584331,
355583804,
355582900,
355582167,
355581506,
355580095,
355578863,
355578258,
355577501,
355577267,
355576873,
355576642,
355576325,
355576149,
355575899,
355575289,
355574969,
355574527,
355339523,
355339197,
355338825,
355338339,
355337838,
355337290,
355336337,
355335713,
355334627,
355334191,
355333585,
355331662,
355330790,
355330218,
355329531,
355328938,
355328550,
355328041,
355327349,
355326296,
355325863,
355325573,
355323850,
355323465,
355323122,
355322380,
355321811,
355286525,
355286095,
355285658,
355102002,
355101162,
355095482,
355089063,
355088490,
355087771,
355087414,
355086961,
355086606,
355086062,
355085829,
355085527,
355084979,
355084407,
355084167,
355083196,
355082591,
355081816,
355080728,
355079408,
355078028,
355077086,
355076386,
355075780,
355075118,
355074558,
355074336,
355074049,
355073384,
355072906,
355072230,
354884481,
354884158,
354883662,
354883060,
354882691,
354882361,
354880974,
354880254,
354879819,
354878738,
354878412,
354877973,
354876719,
354876449,
354875790,
354875480,
354875162,
354874901,
354874526,
354873602,
354873327,
354872923,
354871636,
354871261,
354870000,
354869575,
354866998,
354866256,
354865402,
354864171,
354744287,
354743703,
354742938,
354742398,
354740903,
354739570,
354738337,
354737534,
354736747,
354735088,
354734447,
354733919,
354728723,
354725605,
354723221,
354721269,
354719583,
354717021,
354716490,
354716113,
354715794,
354714494,
354714066,
354712909,
354711964,
354711105,
354709333,
354707994,
354706810,
354706195,
354702444,
354700381,
354699584,
354698329,
354502612,
354501613,
354500603,
354498494,
354497324,
354496879,
354496435,
354496155,
354493493,
354492937,
354491771,
354489258,
354488031,
354487822,
354487579,
354487246,
354483759,
354483181,
354482477,
354481946,
354481015,
354480601,
354480094,
354479658,
354476834,
354476485,
354476064,
354475550,
354475265,
354474763,
354474439,
354474178,
354474014,
353820675,
353820311,
353819798,
353819453,
353818869,
353818550,
353817807,
353816633,
353815791,
353815346,
353813810,
353813415,
353812836,
353812437,
353812104,
353811570,
353810967,
353810138,
353809696,
353809390,
353808834,
353808556,
353807442,
353807007,
353806507,
353806236,
353805227,
353803758,
353802878,
353801843,
353801103,
353800252,
353799416,
353799140,
353798614,
353798256,
353550257,
353549565,
353548920,
353548166,
353546935,
353544578,
353543526,
353542502,
353541865,
353540946,
353540139,
353537926,
353537274,
353536201,
353535092,
353532726,
353531169,
353529638,
353528763,
353527005,
353523804,
353521664,
353518216,
353517447,
353516518,
353515784,
353514128,
353512006,
353509502,
353503290,
353271663,
353271311,
353270101,
353268476,
353267524,
353265838,
353264127,
353262973,
353262284,
353261579,
353259816,
353258501,
353257939,
353257248,
353256891,
353255756,
353254636,
353254153,
353253826,
353252483,
353251081,
353250492,
353248453,
353247769,
353247394,
353246909,
353245973,
353244888,
353243459,
353242414,
353241560,
353241112,
353240788,
353239666,
353239274,
353040103,
353039795,
353039133,
353038754,
353038033,
353037755,
353037111,
353036566,
353035925,
353034616,
353034319,
353034124,
353033635,
353033256,
353032779,
353028809,
353028220,
353027666,
353027184,
353027007,
353026765,
353026605,
353026410,
353025866,
353025576,
353025273,
353025008,
353024467,
353023924,
353023612,
353022742,
353022279,
353022202,
353022054,
353021719,
353021405,
352859899,
352858806,
352858120,
352856990,
352856387,
352855440,
352855075,
352854132,
352852986,
352852412,
352851190,
352850492,
352849993,
352847729,
352847298,
352846987,
352846330,
352846011,
352845769,
352844999,
352844473,
352844080,
352843669,
352843041,
352842760,
352841127,
352840631,
352840276,
352839944,
352839729,
352839469,
352839286,
352838820,
352230964,
352230372,
352229018,
352227303,
352226514,
352225362,
352224069,
352211659,
352207571,
352202762,
352194513,
352187179,
352186566,
352185792,
352184875,
352183978,
352183235,
352181138,
352179863,
352178341,
352174128,
352170612,
352169523,
352168740,
352167005,
352165200,
352164464,
352164026,
352162823,
352162438,
351959623,
351954207,
351953716,
351952448,
351947728,
351947193,
351946781,
351945703,
351943951,
351942268,
351941789,
351941362,
351938656,
351938212,
351937502,
351936131,
351935736,
351935351,
351934773,
351745825,
351745046,
351744423,
351743791,
351742930,
351742379,
351741931,
351741465,
351741015,
351740252,
351739555,
351738313,
351737862,
351736542,
351736095,
351734335,
351733275,
351731795,
351729784,
351729025,
351571159,
351570896,
351570615,
351569691,
351568464,
351566871,
351566479,
351565886,
351565217,
351564081,
351563461,
351562576,
351561313,
351557261,
351555705,
351554948,
351554486,
351552171,
351547326,
351546719,
351545652,
351544854,
351542986,
351020207,
351019216,
351017542,
351016628,
351008688,
350992606,
350991505,
350989958,
350988462,
350987194,
350985709,
350983535,
350981453,
350972932,
350969630,
350968818,
350966674,
350964116,
350962220,
350960306,
350785293,
350784529,
350783857,
350783256,
350782191,
350781532,
350780514,
350762726,
350760915,
350759778,
350758791,
350757263,
350753417,
350752005,
350750199,
350748721,
350747871,
350746479,
350745574,
350744621,
350633633,
350630916,
350630397,
350629723,
350628775,
350627002,
350626188,
350624925,
350623768,
350622912,
350622307,
350620821,
350615667,
350587328,
350583530,
350575308,
350574685,
350571404,
350570679,
350569924,
350352088,
350351707,
350351143,
350350736,
350350391,
350349751,
350349157,
350347507,
350346696,
350345700,
350344611,
350341999,
350341589,
350340833,
350333981,
350332657,
350330946,
350330298,
350327659,
350326086,
350163224,
350144729,
350143126,
350140971,
350138033,
350132261,
350127464,
350126026,
350124645,
350124108,
350122831,
350121085,
350118243,
350117156,
350115188,
350113637,
350111022,
350109762,
350109124,
350108347,
349585566,
349585220,
349583890,
349583353,
349582755,
349582249,
349581648,
349581339,
349580610,
349579732,
349578831,
349577883,
349576789,
349575747,
349575045,
349574286,
349571184,
349569524,
349568175,
349566424,
349412628,
349410248,
349409682,
349409131,
349408737,
349408314,
349407505,
349407017,
349406087,
349405596,
349404984,
349404249,
349403784,
349403099,
349401373,
349400612,
349398387,
349397710,
349394516,
349392478,
349195135,
349194460,
349193975,
349192696,
349192248,
349191528,
349191095,
349190825,
349190423,
349188917,
349186839,
349185706,
349183984,
349182562,
349180342,
349178750,
349178412,
349177956,
349177193,
349175691,
348981609,
348966121,
348965411,
348964882,
348964651,
348964346,
348964048,
348963670,
348963363,
348962607,
348962349,
348962102,
348961674,
348960988,
348960669,
348960416,
348960031,
348959558,
348959150,
348958699,
348957356,
348718975,
348717514,
348717293,
348717029,
348716694,
348716187,
348715777,
348715428,
348714713,
348713998,
348713538,
348712467,
348711269,
348710361,
348709447,
348708923,
348708585,
348708044,
348707836,
348707615,
348707296,
348706691,
348253733,
348253337,
348253025,
348251904,
348251328,
348250497,
348249418,
348247227,
348246387,
348245065,
348244458,
348243309,
348241535,
348239201,
348238711,
348235955,
348235506,
348233572,
348226705,
348225774,
348045889,
348045320,
348044541,
348043834,
348042463,
348041292,
348040244,
348009119,
348008410,
348008006,
348007613,
348006725,
348006079,
348004723,
348003152,
348002658,
348002063,
348001298,
348000664,
348000336,
347407685,
347407213,
347406346,
347405393,
347402717,
347402016,
347401202,
347400694,
347398797,
347397528,
347396692,
347395156,
347394276,
347393550,
347392436,
347391475,
347390775,
347390227,
347389527,
347388820,
346898693,
346898215,
346897195,
346896482,
346895534,
346894512,
346893519,
346891773,
346890997,
346890355,
346889793,
346889189,
346887887,
346887156,
346886246,
346885549,
346884774,
346884032,
346882670,
346881416,
346880777,
346879290,
346878397,
346711818,
346711126,
346710649,
346710330,
346708777,
346707709,
346704899,
346704322,
346703808,
346703229,
346702682,
346701965,
346701217,
346699412,
346698571,
346697277,
346696599,
346694952,
346694483,
346693516,
346484318,
346483809,
346483023,
346482185,
346481490,
346480865,
346480060,
346479385,
346477001,
346476229,
346475025,
346471873,
346471173,
346470437,
346469950,
346468709,
346466454,
346465759,
346330338,
346329128,
346328376,
346327134,
346323114,
346321409,
346320948,
346319782,
346318438,
346316406,
346315414,
346312437,
346311590,
346309307,
346297413,
346295311,
346293576,
346290926,
346289632,
346286255,
346284099,
346077740,
346077355,
346076826,
346076268,
346075612,
346070890,
346069448,
346068599,
346067478,
346066834,
346065906,
346064468,
346063868,
346063165,
346062138,
346061827,
346061087,
346059686,
346059275,
346057801,
345941421,
345940762,
345937653,
345937307,
345936896,
345936215,
345935273,
345934578,
345934176,
345933315,
345931484,
345931105,
345930334,
345929260,
345928376,
345927075,
345925491,
345924557,
345923199,
345922071,
345755893,
345755271,
345754586,
345753374,
345751532,
345750625,
345749830,
345748715,
345747860,
345747308,
345746460,
345745202,
345744485,
345744237,
345743833,
345743348,
345742186,
345741202,
345740596,
345569556,
345569138,
345568162,
345565000,
345564468,
345563473,
345562617,
345561822,
345561341,
345560794,
345560211,
345558938,
345557225,
345554969,
345552115,
345550955,
345549806,
345548848,
345548426,
345367092,
345365990,
345365420,
345365049,
345364602,
345363392,
345362994,
345360583,
345359238,
345358215,
345357139,
345356305,
345355686,
345354684,
345354295,
345353691,
345352684,
345351449,
345350219,
345349031,
345348538,
345348205,
345139484,
345138854,
345136690,
345135267,
345134364,
345133820,
345133027,
345132597,
345132108,
345131331,
345130540,
345129879,
345128577,
345127853,
345126941,
345125041,
345123701,
345121018,
345119351,
345117563,
345116005,
344931209,
344930575,
344929687,
344928914,
344928203,
344927687,
344927241,
344926437,
344925835,
344925463,
344925055,
344924776,
344924375,
344923727,
344922565,
344921738,
344920851,
344920122,
344919203,
344918641,
344918003,
344783320,
344781952,
344781387,
344780579,
344780081,
344779394,
344777157,
344776390,
344775492,
344774598,
344773775,
344772301,
344770933,
344770113,
344769173,
344767764,
344767064,
344766467,
344762652,
344762048,
344675915,
344675614,
344675172,
344674605,
344673966,
344673497,
344672949,
344672332,
344671577,
344671084,
344670457,
344669728,
344669280,
344668261,
344667319,
344666593,
344665946,
344665360,
344664980,
344664423,
344219625,
344219141,
344218739,
344217911,
344216320,
344215796,
344214811,
344214267,
344213533,
344213007,
344211542,
344206778,
344204667,
344202128,
344200743,
344199066,
344197197,
344195437,
344194113,
344193241,
344020309,
344018174,
344017209,
344016631,
344015943,
344015013,
344014223,
344013704,
344012691,
344011788,
344008860,
344008465,
344007864,
344007463,
344006348,
344005327,
344004432,
344003550,
344002874,
344001320,
343858814,
343858004,
343857302,
343856557,
343855709,
343855164,
343854385,
343853278,
343851915,
343851168,
343850372,
343847857,
343845137,
343844039,
343842342,
343841180,
343839845,
343838799,
343837678,
343836692,
343626812,
343625340,
343618625,
343617381,
343609296,
343608464,
343606280,
343605627,
343603884,
343602463,
343601381,
343599647,
343597557,
343596905,
343596214,
343595860,
343595242,
343592537,
343591221,
343432687,
343419485,
343418939,
343417814,
343417130,
343416104,
343415454,
343412932,
343409262,
343407693,
343406570,
343406012,
343404523,
343403927,
343403507,
343401657,
343401239,
343400670,
343400023,
343399246,
343398423,
343261103,
343260602,
343260108,
343259660,
343259297,
343258775,
343258024,
343257185,
343256539,
343256186,
343255888,
343254647,
343253995,
343253618,
343252816,
343251634,
343250905,
343250080,
343249521,
343248838,
342894360,
342893502,
342892809,
342891994,
342891426,
342890286,
342889474,
342888318,
342887354,
342886535,
342885699,
342885149,
342884692,
342882850,
342880152,
342878768,
342876916,
342875264,
342874096,
342873117,
342699220,
342698478,
342697986,
342697581,
342697213,
342695924,
342694459,
342693612,
342692222,
342691495,
342690657,
342687430,
342686476,
342685608,
342685156,
342683844,
342683385,
342682300,
342681485,
342680639,
342486549,
342485565,
342485175,
342484713,
342483970,
342482007,
342481563,
342481249,
342480991,
342480379,
342479980,
342477965,
342476510,
342476136,
342474481,
342472626,
342471756,
342471028,
342470232,
342469844,
342289221,
342288613,
342287854,
342286595,
342285951,
342284720,
342284151,
342283188,
342282654,
342282135,
342280845,
342280175,
342279248,
342278402,
342277358,
342276107,
342275562,
342275071,
342274629,
342273984,
342176892,
342176190,
342175176,
342174576,
342173941,
342173344,
342170404,
342169678,
342168313,
342167169,
342163726,
342162232,
342160812,
342158489,
342157247,
342154431,
342153695,
342152131,
342151445,
342149653,
341956130,
341955301,
341954937,
341954064,
341952920,
341952329,
341950576,
341949956,
341949019,
341947957,
341946713,
341946062,
341945167,
341943480,
341942625,
341941602,
341941039,
341939689,
341938969,
341937531,
341743103,
341742619,
341741042,
341740557,
341739794,
341739161,
341738493,
341737332,
341736759,
341733406,
341732520,
341731612,
341730542,
341728923,
341727293,
341725602,
341724641,
341723473,
341722510,
341722057,
341718955,
341486105,
341485477,
341484977,
341484524,
341483730,
341481819,
341480413,
341480013,
341479618,
341479287,
341478542,
341477782,
341476849,
341475572,
341472213,
341471422,
341470556,
341469224,
341468546,
341467620,
341298553,
341297841,
341297099,
341288696,
341288212,
341287727,
341286941,
341285836,
341285406,
341284988,
341284043,
341283329,
341282257,
341281721,
341281268,
341280146,
341278299,
341277514,
341276596,
341275979,
341275350,
341274870,
341274374,
341109625,
341108638,
341108133,
341107698,
341106491,
341105855,
341103470,
341101604,
341100521,
341099752,
341097939,
341097241,
341096531,
341095608,
341094298,
341093448,
341092899,
341090795,
341090456,
341090037,
340889336,
340889039,
340888470,
340887361,
340886257,
340885870,
340885287,
340885012,
340884681,
340884136,
340883747,
340883418,
340882281,
340881811,
340881152,
340880656,
340880170,
340879316,
340878717,
340878253,
340877412,
340712956,
340712454,
340711948,
340709405,
340708372,
340707470,
340706837,
340705600,
340704726,
340704258,
340703279,
340702432,
340701193,
340700514,
340697558,
340696242,
340694748,
340692340,
340691719,
340690524,
340366557,
340366105,
340364716,
340363429,
340362840,
340362367,
340361954,
340361313,
340360860,
340360270,
340359740,
340358840,
340354744,
340353949,
340353154,
340351902,
340351264,
340350634,
340350314,
340349925,
340155543,
340154239,
340153174,
340152719,
340152299,
340151555,
340150943,
340150431,
340149892,
340149264,
340148404,
340147143,
340141275,
340139114,
340137023,
340135673,
340134976,
340134053,
340133426,
340132917,
339912724,
339910683,
339909631,
339909225,
339906708,
339906144,
339905654,
339905304,
339904767,
339904134,
339903380,
339902939,
339902440,
339901861,
339901309,
339900931,
339900429,
339898781,
339897172,
339896729,
339739930,
339739563,
339739239,
339738076,
339737796,
339736330,
339735743,
339735237,
339734633,
339733629,
339733254,
339732807,
339732240,
339731733,
339730687,
339730086,
339729007,
339728570,
339727926,
339727339,
339726672,
339576970,
339576564,
339576027,
339575358,
339575014,
339574509,
339573327,
339572886,
339572454,
339572168,
339571678,
339570547,
339569427,
339568289,
339566692,
339566048,
339565589,
339556921,
339556062,
339554835,
339362602,
339362069,
339361273,
339360817,
339360400,
339359946,
339359405,
339359074,
339358690,
339357621,
339357087,
339355425,
339354772,
339353452,
339349633,
339348018,
339347564,
339347062,
339346681,
339346276,
338831701,
338829844,
338829423,
338828711,
338828218,
338827567,
338827028,
338825289,
338824507,
338822285,
338821231,
338819401,
338818027,
338817270,
338816356,
338815725,
338815360,
338814600,
338813395,
338628752,
338627600,
338627147,
338626494,
338625835,
338625428,
338625096,
338624492,
338623339,
338622986,
338622354,
338621759,
338621157,
338619910,
338618985,
338618197,
338617477,
338616227,
338615267,
338614501,
338439392,
338438695,
338437737,
338436018,
338433827,
338433179,
338432453,
338431906,
338431418,
338430716,
338430136,
338429010,
338427694,
338426399,
338424454,
338423778,
338416220,
338385892,
338385535,
338385049,
338211736,
338210627,
338209902,
338209386,
338208750,
338206674,
338205629,
338201490,
338200668,
338200013,
338199244,
338197416,
338195633,
338195319,
338194704,
338194452,
338194064,
338192919,
338192320,
338191750,
338010787,
338010255,
338009679,
338008478,
338007838,
338006625,
338005688,
338004788,
338004281,
338003824,
338002605,
338001912,
338001203,
338000232,
337998998,
337997902,
337997618,
337997246,
337996192,
337994659,
337884076,
337881747,
337879957,
337879232,
337878433,
337877075,
337876489,
337875953,
337875314,
337874861,
337874291,
337873234,
337872046,
337870840,
337869241,
337867687,
337866910,
337865259,
337864042,
337862169,
337447547,
337447132,
337445668,
337444588,
337443331,
337442556,
337442263,
337441556,
337440852,
337440184,
337439659,
337438515,
337437115,
337436593,
337434143,
337432931,
337432286,
337430907,
337429868,
337428698,
337250171,
337249340,
337248362,
337247652,
337246702,
337246079,
337244884,
337244576,
337244030,
337243413,
337242525,
337241929,
337240639,
337240113,
337238669,
337237509,
337233247,
337232857,
337231042,
337229404,
337049523,
337048755,
337047994,
337046795,
337046215,
337045643,
337045153,
337044704,
337044152,
337043530,
337042275,
337041613,
337041051,
337040263,
337039099,
337038626,
337038172,
337037270,
337036778,
336799728,
336798834,
336798022,
336796731,
336790907,
336780386,
336776949,
336771003,
336768365,
336767241,
336764536,
336759835,
336757488,
336756630,
336753706,
336749128,
336747011,
336742277,
336741480,
336738600,
336528795,
336526483,
336525777,
336524071,
336522717,
336521154,
336520715,
336519704,
336519184,
336518497,
336517894,
336516226,
336514734,
336513314,
336512414,
336511079,
336509469,
336508956,
336507895,
336506505,
336398586,
336398193,
336397489,
336396951,
336396297,
336395645,
336395069,
336394033,
336393653,
336392990,
336392661,
336391455,
336391025,
336389430,
336389046,
336388168,
336387830,
336387390,
336386733,
336386302,
336197041,
336196486,
336195157,
336194570,
336194057,
336192835,
336191166,
336190808,
336190100,
336189307,
336188482,
336187838,
336187078,
336186156,
336185507,
336184707,
336183369,
336182352,
336181848,
336001604,
336000979,
336000500,
336000128,
335999650,
335999277,
335998664,
335997561,
335997051,
335996665,
335996173,
335994754,
335994252,
335993679,
335992948,
335992146,
335990514,
335989055,
335988315,
335987728,
335985885,
335984830,
335983501,
335981965,
335810438,
335809398,
335808299,
335807088,
335805509,
335805145,
335804828,
335804133,
335803754,
335803254,
335802644,
335801789,
335799291,
335797666,
335797016,
335796515,
335795429,
335794798,
335794325,
335780860,
335606291,
335605150,
335604113,
335603744,
335602593,
335602283,
335601989,
335601503,
335601079,
335600622,
335600267,
335599905,
335599476,
335597993,
335596104,
335595397,
335594497,
335593931,
335592846,
335591142,
335346290,
335345243,
335343145,
335341853,
335340910,
335340029,
335337362,
335336813,
335336049,
335333667,
335332532,
335330621,
335329959,
335329331,
335327959,
335326312,
335324235,
335323247,
335322177,
335321054,
335106858,
335105690,
335105073,
335104500,
335103860,
335102828,
335102283,
335101876,
335101485,
335101114,
335100391,
335099982,
335099367,
335097689,
335094672,
335093217,
335089753,
335087985,
335085767,
335084262,
334925817,
334925099,
334924560,
334923745,
334923113,
334922060,
334921650,
334921152,
334920730,
334920279,
334919825,
334918961,
334918440,
334916789,
334915560,
334914436,
334912593,
334912238,
334911530,
334910608,
334712489,
334707457,
334707084,
334706489,
334705014,
334703425,
334702456,
334701920,
334700908,
334698937,
334698344,
334697685,
334695851,
334694917,
334693632,
334691996,
334691575,
334691264,
334691044,
334690674,
334690475,
334537424,
334534488,
334533671,
334532492,
334531637,
334531143,
334530719,
334529170,
334528736,
334526977,
334526567,
334525776,
334523186,
334521479,
334519482,
334518724,
334517216,
334516205,
334515486,
334514269,
334285934,
334284891,
334283769,
334282993,
334282433,
334281641,
334281189,
334280466,
334280146,
334279678,
334279159,
334278590,
334277997,
334277225,
334276738,
334276293,
334275973,
334274999,
334274532,
334273895,
334273401,
334272653,
334096488,
334096023,
334094293,
334093888,
334093353,
334092831,
334092234,
334091773,
334091019,
334090524,
334090037,
334089656,
334089283,
334088919,
334088522,
334087956,
334087436,
334086799,
334086126,
334085153,
333898959,
333898552,
333897371,
333895800,
333895192,
333893695,
333893016,
333890023,
333889279,
333888223,
333884878,
333883650,
333881455,
333878528,
333875328,
333874599,
333873905,
333873082,
333872555,
333871674,
333657311,
333656788,
333655755,
333655120,
333654436,
333653937,
333653301,
333652825,
333652550,
333652204,
333651412,
333650449,
333649996,
333648736,
333647819,
333646710,
333646321,
333645521,
333644528,
333643687,
333511071,
333510506,
333510180,
333509786,
333509441,
333508252,
333507969,
333507608,
333507250,
333506988,
333506428,
333505141,
333504886,
333504644,
333504365,
333504010,
333503606,
333502983,
333502362,
333501719,
333308924,
333308563,
333307834,
333306329,
333305855,
333304831,
333301414,
333301043,
333300703,
333300063,
333298863,
333298420,
333297057,
333295881,
333295052,
333293789,
333293478,
333293018,
333292560,
333292266,
333100251,
333098550,
333097243,
333096510,
333094692,
333092731,
333092306,
333091686,
333091008,
333090422,
333089987,
333088527,
333087906,
333087353,
333086711,
333085377,
333084861,
333084214,
333082905,
333081882,
332903476,
332902520,
332901109,
332898773,
332897698,
332897010,
332895493,
332894523,
332893508,
332890273,
332885225,
332883288,
332882677,
332881552,
332880097,
332878843,
332877660,
332876678,
332875726,
332875168,
332874844,
332873803,
332727508,
332726878,
332725602,
332725108,
332724421,
332723377,
332722275,
332721769,
332720346,
332719450,
332716309,
332715038,
332713311,
332712046,
332710810,
332709462,
332708791,
332707032,
332706575,
332705624,
332545079,
332544264,
332543609,
332543011,
332542350,
332541314,
332538296,
332537303,
332534479,
332533360,
332527930,
332525750,
332524986,
332524714,
332524346,
332523785,
332523270,
332522597,
332522071,
332521608,
332325883,
332325399,
332324348,
332318777,
332317008,
332315786,
332314681,
332313978,
332311783,
332311317,
332309930,
332308530,
332306390,
332304423,
332303682,
332299119,
332297383,
332296654,
332295890,
332294769,
332172259,
332171989,
332171736,
332171424,
332171139,
332153630,
332153197,
332152826,
332152441,
332152018,
332150977,
332150296,
332149495,
332148622,
332148034,
332146804,
332145553,
332145065,
332143515,
332142957,
331755669,
331755297,
331754874,
331754246,
331753809,
331753101,
331752207,
331751715,
331750768,
331750365,
331749943,
331749087,
331748699,
331747695,
331746483,
331738705,
331738223,
331737898,
331343763,
331343226,
331342257,
331341491,
331340883,
331338903,
331338416,
331337714,
331337178,
331335326,
331334153,
331333502,
331332999,
331331259,
331327927,
331327488,
331327018,
331325923,
331325494,
331325038,
331170010,
331169479,
331169034,
331166961,
331166212,
331165688,
331165214,
331164343,
331162994,
331162313,
331160651,
331160151,
331159319,
331158700,
331157673,
331156665,
331156060,
331155034,
330986259,
330985534,
330985168,
330984159,
330983407,
330983037,
330982400,
330981772,
330977941,
330976736,
330976150,
330975552,
330975027,
330974564,
330973972,
330973521,
330972118,
330971536,
330970458,
330969613,
330966830,
330332845,
330330579,
330329663,
330329146,
330327992,
330327542,
330324809,
330324225,
330323887,
330315485,
330315174,
330314852,
330314557,
330314181,
330313791,
330313217,
330312511,
330311843,
330311035,
328689958,
328689178,
328688687,
328687842,
328687273,
328686594,
328686133,
328685691,
328684744,
328684271,
328683046,
328682049,
328680915,
328679959,
328679177,
328678274,
328677742,
328677086,
328674693,
328672684,
328518989,
328518594,
328518160,
328517472,
328515723,
328514861,
328513833,
328508047,
328507636,
328507069,
328506327,
328505820,
328505401,
328504224,
328503803,
328503196,
328502759,
328502091,
328501725,
328501291,
327886140,
327885661,
327885298,
327884711,
327883170,
327881204,
327879010,
327878252,
327877759,
327877048,
327875614,
327873006,
327872149,
327870317,
327868716,
327864933,
327834356,
327833598,
327833172,
327831249,
327700194,
327699717,
327699434,
327698816,
327698232,
327625612,
327625306,
327624554,
327624164,
327623417,
327622746,
327621677,
327621139,
327620820,
327619648,
327619019,
327618334,
327617183,
327616666,
327615952,
327411491,
327410985,
327410451,
327410077,
327409725,
327408951,
327408368,
327407912,
327407440,
327406483,
327406095,
327405702,
327405284,
327404557,
327403419,
327402300,
327401748,
327399689,
327399159,
327373174,
327177125,
327175584,
327174219,
327173942,
327167727,
327138362,
327138184,
327138062,
327137780,
327137624,
327137472,
327137155,
327136693,
327136441,
327135053,
327134628,
327133944,
327133789,
327133633,
327133498,
327000044,
326999532,
326999165,
326998699,
326996486,
326994194,
326993602,
326990712,
326989875,
326988823,
326987138,
326983452,
326979890,
326978552,
326977981,
326977368,
326976022,
326975034,
326973437,
326972683,
326349433,
326348979,
326348154,
326347653,
326346510,
326345135,
326343533,
326342472,
326341292,
326340757,
326339144,
326338388,
326337175,
326335999,
326335480,
326334910,
326334126,
326333215,
326332310,
326331930,
326150044,
326149636,
326148837,
326148477,
326147940,
326146443,
326146065,
326145571,
326144143,
326143306,
326142039,
326141152,
326139716,
326137949,
326137482,
326136488,
326133818,
326132394,
326131890,
326130635,
325917602,
325916612,
325916155,
325914918,
325913771,
325913257,
325912290,
325911242,
325909172,
325908196,
325906956,
325900369,
325899424,
325898984,
325898463,
325898051,
325897469,
325896717,
325896347,
325895732,
325753657,
325753106,
325751959,
325750704,
325748008,
325747097,
325746469,
325745615,
325745188,
325743927,
325743408,
325742974,
325742284,
325741330,
325740633,
325740092,
325739421,
325738823,
325738138,
325737464,
325528870,
325527281,
325522691,
325522147,
325521513,
325519870,
325519007,
325517418,
325516462,
325515667,
325510929,
325509388,
325508297,
325504579,
325504187,
325502834,
325501934,
325501519,
325500777,
325498894,
324895326,
324894850,
324891480,
324889862,
324886406,
324885845,
324885451,
324884778,
324884444,
324883535,
324883053,
324881861,
324881312,
324880149,
324879547,
324878905,
324878049,
324876701,
324873322,
324872822,
324650317,
324647855,
324646345,
324639955,
324638344,
324630181,
324628479,
324627453,
324626940,
324626313,
324625291,
324624782,
324623403,
324620715,
324619292,
324617637,
324614775,
324610783,
324608826,
324603127,
324345363,
324344625,
324343912,
324342235,
324341855,
324341417,
324340831,
324340127,
324339490,
324338742,
324337742,
324335596,
324334773,
324333653,
324333126,
324331572,
324331189,
324330341,
324329913,
324328723,
324159578,
324142840,
324141841,
324136292,
324135692,
324135097,
324132562,
324132237,
324131827,
324130905,
324129829,
324122911,
324122368,
324121503,
324120676,
324120308,
324118063,
324113392,
324111936,
324110951,
324083544,
323884183,
323883646,
323882980,
323882259,
323881646,
323880197,
323879099,
323878255,
323876900,
323875966,
323875459,
323875125,
323874570,
323873364,
323872979,
323872381,
323871821,
323871223,
323870005,
323869403,
323320536,
323320141,
323318317,
323316702,
323313029,
323311509,
323309378,
323307876,
323307192,
323301657,
323300906,
323297296,
323296480,
323296034,
323295187,
323294101,
323293705,
323291518,
323290689,
323288032,
323116212,
323110095,
323108858,
323107083,
323105841,
323104220,
323103334,
323101768,
323098686,
323097030,
323093383,
323091165,
323090113,
323088734,
323086969,
323085139,
323083825,
323082280,
323081111,
323080067,
322911472,
322911133,
322910144,
322909778,
322908302,
322907410,
322906910,
322905077,
322904611,
322897691,
322892570,
322891337,
322888227,
322886840,
322872807,
322866319,
322865646,
322861998,
322861496,
322860169,
322651746,
322650911,
322649953,
322646569,
322646250,
322645619,
322642385,
322641745,
322639969,
322639636,
322639181,
322638332,
322633301,
322632743,
322632060,
322630150,
322629693,
322628932,
322628371,
322627852,
322419985,
322418939,
322417407,
322416152,
322415007,
322414178,
322413655,
322413283,
322412776,
322412169,
322411617,
322410683,
322410365,
322409954,
322408883,
322408411,
322408103,
322407216,
322406778,
322406283,
321757499,
321756872,
321755202,
321754816,
321753138,
321752341,
321751635,
321746162,
321745748,
321745190,
321744449,
321743220,
321741958,
321741387,
321740957,
321740580,
321740112,
321739626,
321737980,
321734492,
321515754,
321514761,
321513934,
321513334,
321512772,
321512134,
321511730,
321511180,
321510685,
321510285,
321509318,
321508520,
321508213,
321507662,
321507093,
321506679,
321506174,
321505657,
321504920,
321504321,
321296558,
321296268,
321295970,
321295641,
321295174,
321294144,
321293846,
321292446,
321292088,
321291709,
321287853,
321287562,
321287213,
321286835,
321286577,
321286138,
321285639,
321284854,
321284494,
321284156,
321069100,
321067934,
321067194,
321066585,
321065927,
321065532,
321065060,
321064740,
321064385,
321064119,
321063275,
321062536,
321062051,
321061330,
321060792,
321060073,
321059752,
321058904,
321058389,
321057871,
320641550,
320641348,
320641109,
320640722,
320640490,
320640211,
320639970,
320639668,
320639432,
320639186,
320638918,
320638630,
320638008,
320637762,
320637465,
320637122,
320636552,
320636155,
320635791,
320635501,
320180797,
320179722,
320179015,
320178213,
320177415,
320176975,
320176494,
320175521,
320175087,
320174413,
320173430,
320172753,
320172463,
320172188,
320171692,
320170855,
320170319,
320169549,
320169059,
320168547,
319973550,
319972205,
319970421,
319968422,
319958577,
319954069,
319953676,
319953164,
319952832,
319952461,
319952084,
319951689,
319950762,
319950273,
319949607,
319948501,
319947287,
319946190,
319945185,
319944656,
319776247,
319775194,
319774577,
319773843,
319772199,
319771076,
319770636,
319770046,
319769635,
319768804,
319768194,
319766039,
319765040,
319763253,
319762788,
319762360,
319761814,
319759036,
319756928,
319754972,
319754460,
319511814,
319511161,
319510685,
319510251,
319509841,
319509468,
319508909,
319508496,
319508021,
319507129,
319506701,
319506270,
319505921,
319505612,
319504931,
319504483,
319503708,
319502782,
319501248,
319500777,
319302867,
319302421,
319301882,
319301302,
319300024,
319299486,
319298748,
319296612,
319295759,
319295215,
319293248,
319291890,
319291136,
319290459,
319287352,
319285087,
319284032,
319283357,
319282731,
319282287,
318614622,
318613395,
318612538,
318611689,
318610790,
318609206,
318608543,
318607907,
318606688,
318604918,
318604179,
318603567,
318602575,
318601563,
318599597,
318596890,
318553527,
318552726,
318552296,
318551643,
318353354,
318352121,
318350135,
318348866,
318310128,
318309498,
318309094,
318308861,
318308530,
318308312,
318307895,
318307556,
318307137,
318306545,
318305751,
318305401,
318305099,
318304742,
318304196,
318303343,
318160210,
318159427,
318158577,
318158209,
318157717,
318156525,
318156097,
318155325,
318154726,
318154232,
318153309,
318152639,
318152058,
318151665,
318151300,
318150556,
318149923,
318149504,
318148751,
318147576,
317934391,
317933166,
317932656,
317932243,
317931387,
317930883,
317930301,
317902707,
317901639,
317901064,
317900622,
317899769,
317899345,
317899033,
317898745,
317898362,
317897269,
317896979,
317896567,
317896082,
317698787,
317697243,
317696615,
317695945,
317695288,
317694910,
317694174,
317693297,
317692817,
317691908,
317690737,
317688814,
317687742,
317686803,
317685959,
317684912,
317683793,
317677941,
317677194,
317676505,
317675856,
317115466,
317114800,
317114000,
317113297,
317111872,
317110075,
317109222,
317108355,
317107659,
317106928,
317105917,
317105255,
317104482,
317103561,
317102513,
317101426,
317099820,
317098163,
317094949,
317092843,
316874311,
316873710,
316872473,
316871533,
316870682,
316870181,
316869707,
316853798,
316853425,
316852905,
316852499,
316851860,
316851326,
316850236,
316849872,
316849111,
316848618,
316848086,
316847721,
316847229,
316675029,
316673872,
316673126,
316672721,
316671405,
316670110,
316669010,
316667441,
316666797,
316666167,
316665236,
316663777,
316663136,
316662680,
316662170,
316661002,
316660219,
316659796,
316658909,
316658260,
315973200,
315972917,
315972492,
315972206,
315971718,
315971228,
315970871,
315970640,
315970239,
315969895,
315969671,
315969224,
315969079,
315968836,
315968488,
315967649,
315967280,
315966589,
315966224,
315965248,
315539484,
315538221,
315536502,
315536130,
315535759,
315535292,
315534402,
315533672,
315533076,
315532419,
315531866,
315530042,
315529508,
315529116,
315528393,
315527656,
315527012,
315526303,
315525355,
315524372,
315352943,
315352487,
315352111,
315351620,
315351289,
315350930,
315349880,
315348854,
315347634,
315347258,
315346246,
315344701,
315344300,
315343915,
315341845,
315340698,
315340157,
315339687,
315338661,
315338202,
315203590,
315199967,
315195472,
315194766,
315193775,
315192853,
315192089,
315191009,
315189417,
315188876,
315188284,
315187706,
315186470,
315185885,
315184501,
315183433,
315182587,
315180936,
315180237,
315179181,
314916659,
314916388,
314915509,
314914751,
314913871,
314913429,
314913079,
314912358,
314911719,
314911298,
314910761,
314910165,
314908457,
314908015,
314907560,
314906459,
314905641,
314904640,
314903850,
314903368,
314768297,
314767277,
314766589,
314766036,
314765130,
314763750,
314762341,
314761411,
314759316,
314757734,
314754326,
314753698,
314752346,
314750734,
314749917,
314747848,
314746902,
314743004,
314741226,
314737149,
314086249,
314085761,
314084760,
314084382,
314083705,
314082954,
314082066,
314081594,
314080633,
314078025,
314075938,
314074993,
314074130,
314073549,
314072986,
314071015,
314069934,
314068586,
314067921,
314066986,
313985503,
313984024,
313983745,
313982950,
313982612,
313981135,
313980542,
313975337,
313971673,
313971266,
313969435,
313968464,
313960489,
313959747,
313959082,
313953266,
313949750,
313948871,
313943837,
313943374,
313710735,
313709549,
313708610,
313707965,
313707203,
313706690,
313705913,
313704654,
313704154,
313703718,
313702883,
313700532,
313699350,
313697266,
313694316,
313693732,
313692832,
313691884,
313691124,
313689184,
313446164,
313444708,
313443804,
313442394,
313440423,
313437966,
313437789,
313437605,
313437300,
313437147,
313436800,
313436078,
313435932,
313435180,
313434142,
313433580,
313433011,
313432621,
313432346,
313431720,
313278156,
313277343,
313275059,
313272120,
313271176,
313269462,
313268891,
313268232,
313267439,
313265884,
313264359,
313263807,
313262330,
313259385,
313252748,
313250307,
313247118,
313245012,
313243345,
313230323,
313228399,
312645825,
312645253,
312643815,
312643346,
312643045,
312642692,
312642221,
312641697,
312641243,
312640824,
312639102,
312638471,
312637648,
312636510,
312635633,
312635043,
312634581,
312633304,
312631791,
312631108,
312476382,
312475564,
312473900,
312473087,
312472543,
312471870,
312470771,
312469708,
312469186,
312467107,
312466160,
312465689,
312464458,
312463199,
312457709,
312455481,
312451469,
312441843,
312440822,
312439450,
312264974,
312262808,
312260636,
312259000,
312238448,
312233946,
312230090,
312226430,
312225046,
312223382,
312221768,
312212364,
312211562,
312210603,
312209283,
312202003,
312200381,
312199083,
312193075,
312180494,
311553979,
311552393,
311551750,
311549897,
311548715,
311547837,
311546698,
311545210,
311543159,
311542740,
311539421,
311537965,
311536927,
311535064,
311533806,
311532213,
311531606,
311530831,
311529113,
311528635,
311390692,
311390254,
311389910,
311389583,
311389134,
311388639,
311387997,
311387347,
311386467,
311384049,
311382521,
311381935,
311381142,
311380037,
311379124,
311378243,
311377893,
311377537,
311377044,
311376416,
311130845,
311130104,
311129745,
311129261,
311128329,
311127997,
311127637,
311126979,
311124468,
311124073,
311123631,
311123234,
311122937,
311122676,
311122398,
311122019,
311121561,
311120692,
311120104,
311119724,
310968577,
310966936,
310965044,
310952164,
310951373,
310950869,
310950313,
310948739,
310945867,
310944466,
310944111,
310942864,
310938843,
310934848,
310932434,
310929696,
310928623,
310927862,
310927189,
310926865,
310777068,
310775284,
310774106,
310772680,
310770348,
310765823,
310763219,
310761125,
310738708,
310738233,
310737813,
310737450,
310737161,
310737031,
310736746,
310736437,
310734686,
310734551,
310734261,
310733886,
310599596,
310599012,
310598490,
310597684,
310597332,
310596752,
310596092,
310594946,
310593563,
310592804,
310590281,
310589495,
310588386,
310587579,
310585870,
310585009,
310583928,
310583485,
310581260,
310580842,
310475564,
310473394,
310469678,
310408563,
310406801,
310405708,
310403594,
310402742,
310398331,
310396215,
310394185,
310391968,
310390441,
310390044,
310389250,
310384963,
310384141,
310381672,
310377431,
310376492,
310150080,
310149704,
310148925,
310148359,
310147657,
310147015,
310144522,
310143317,
310142147,
310028299,
309939328,
309938549,
309936058,
309925690,
309923383,
309921880,
309920520,
309919199,
309917925,
309917272,
309740809,
309739053,
309738603,
309737675,
309737113,
309736711,
309733543,
309731938,
309727635,
309726356,
309723254,
309722414,
309718874,
309715106,
309714250,
309713426,
309711973,
309711305,
309710527,
309709662,
309514284,
309512491,
309511090,
309510509,
309509385,
309507070,
309504847,
309502732,
309501697,
309501370,
309500762,
309498082,
309497768,
309493913,
309493582,
309492237,
309492008,
309491783,
309491489,
309491381,
309172908,
309170924,
309170267,
309169889,
309168171,
309166061,
309165409,
309164931,
309164568,
309164200,
309163204,
309162536,
309160796,
309159200,
309158186,
309156288,
309155841,
309155087,
309154617,
309153686,
308919566,
308919441,
308919364,
308919252,
308919192,
308918511,
308918443,
308918392,
308918325,
308918255,
308918165,
308917799,
308917705,
308917652,
308917579,
308917502,
308917456,
308917404,
308917349,
308917270,
308507427,
308506773,
308505376,
308504534,
308503886,
308503111,
308502306,
308501498,
308499914,
308499175,
308498205,
308497761,
308497402,
308496603,
308495490,
308493825,
308493264,
308491808,
308489216,
308486904,
308256503,
308256177,
308255296,
308254895,
308254619,
308254005,
308253383,
308252183,
308252025,
308251809,
308251626,
308251472,
308251297,
308251073,
308250835,
308250599,
308250412,
308250292,
308249956,
308249319,
308128235,
308124909,
308121342,
308120712,
308119984,
308118541,
308118051,
308117614,
308114131,
308112666,
308110907,
308105934,
308105695,
308104994,
308080419,
308079023,
308078200,
308077190,
308076716,
308076336,
307964718,
307963860,
307963098,
307962347,
307961572,
307960814,
307959218,
307944753,
307943562,
307942786,
307942127,
307941105,
307938999,
307938230,
307935537,
307931536,
307930327,
307929261,
307924064,
307923626,
307749065,
307748680,
307748345,
307747632,
307747202,
307744618,
307744261,
307743764,
307743256,
307742914,
307742114,
307741739,
307741374,
307740904,
307740331,
307739379,
307738006,
307736483,
307736051,
307734855,
307208145,
307207671,
307207230,
307205196,
307204630,
307204163,
307203659,
307203242,
307201731,
307200788,
307199497,
307198348,
307196840,
307194259,
307193582,
307193128,
307192775,
307192386,
307191287,
307189775,
306947216,
306946404,
306945509,
306944807,
306944181,
306942621,
306941582,
306939606,
306939351,
306939149,
306938920,
306937370,
306936245,
306935667,
306935001,
306934003,
306933619,
306933480,
306932617,
306932338,
306759297,
306759098,
306758838,
306758411,
306757660,
306757357,
306756975,
306756655,
306756316,
306756164,
306755978,
306755891,
306755587,
306755328,
306755146,
306754677,
306754492,
306753900,
306753491,
306752895,
306568582,
306568043,
306567572,
306567375,
306567041,
306566777,
306566157,
306565866,
306565685,
306565356,
306564882,
306564788,
306564662,
306564490,
306564321,
306564194,
306564061,
306563869,
306563589,
306563347,
306434408,
306433009,
306432363,
306431812,
306430675,
306429580,
306428363,
306427202,
306423293,
306422316,
306412659,
306411626,
306409864,
306407534,
306388634,
306385229,
306383490,
306383223,
306381101,
306380167,
305907593,
305907044,
305906486,
305905647,
305904951,
305903679,
305903163,
305902590,
305901959,
305901222,
305900532,
305900053,
305898326,
305894364,
305893785,
305891984,
305890345,
305889843,
305889195,
305888786,
305717525,
305716101,
305713884,
305713003,
305712425,
305711286,
305710860,
305710527,
305709529,
305707311,
305704805,
305702523,
305702145,
305700067,
305699094,
305697395,
305696767,
305696089,
305695644,
305695170,
305518278,
305518143,
305517995,
305517801,
305517692,
305517597,
305517499,
305517392,
305517232,
305517066,
305516785,
305516651,
305516545,
305516424,
305516308,
305516181,
305516095,
305515912,
305515650,
305515428,
305374276,
305372947,
305370561,
305370082,
305367093,
305359892,
305357938,
305349265,
305346907,
305346018,
305344176,
305343586,
305341955,
305340405,
305340000,
305339611,
305338728,
305338274,
305337695,
305337147,
305168480,
305168131,
305167648,
305167265,
305166857,
305165071,
305163802,
305162854,
305162417,
305161687,
305161370,
305161022,
305160470,
305159919,
305159668,
305159214,
305158583,
305158390,
305158260,
305157888,
304690738,
304689663,
304689389,
304689039,
304688544,
304687563,
304687303,
304686951,
304686731,
304686512,
304685799,
304685629,
304685407,
304685081,
304684894,
304684622,
304684427,
304684213,
304684052,
304683919,
304541953,
304541050,
304540512,
304539983,
304539405,
304538721,
304538253,
304537091,
304536555,
304535972,
304534824,
304533974,
304533532,
304531899,
304531095,
304530215,
304528411,
304527906,
304518071,
304517680,
304341970,
304341510,
304340800,
304340476,
304340102,
304338521,
304338298,
304338000,
304337481,
304337154,
304336650,
304336450,
304335830,
304335442,
304335315,
304334652,
304334139,
304333825,
304333683,
304333337,
304204841,
304203813,
304202923,
304202531,
304201563,
304200925,
304200137,
304199613,
304172614,
304171481,
304167221,
304166179,
304165719,
304165338,
304164370,
304163968,
304163472,
304163249,
304162980,
304162364,
304015414,
304014690,
304013536,
304011969,
304009959,
304008110,
304001702,
303975372,
303971813,
303968492,
303964768,
303960122,
303958830,
303957922,
303953364,
303952516,
303951430,
303950293,
303948172,
303947562,
303946590,
303418130,
303417636,
303416324,
303415293,
303414370,
303414169,
303413661,
303413406,
303412762,
303412523,
303412038,
303411666,
303411191,
303410805,
303410460,
303410013,
303409710,
303409484,
303409284,
303408988,
303261404,
303259768,
303259090,
303258088,
303257331,
303256434,
303254540,
303252525,
303251233,
303248681,
303247544,
303246639,
303245937,
303245112,
303244696,
303243451,
303242370,
303242052,
303241301,
303240897,
303079799,
303079175,
303078435,
303077328,
303075996,
303073994,
303072367,
303071787,
303070802,
303070151,
303069226,
303067773,
303066271,
303065236,
303063763,
303063125,
303060276,
303059707,
303058893,
303058308,
303057039,
303055277,
302929824,
302928636,
302926676,
302925888,
302925273,
302923552,
302923006,
302922706,
302922034,
302921639,
302920761,
302800384,
302799561,
302797821,
302772576,
302770411,
302768806,
302767325,
302766592,
302762913,
302761992,
302760846,
302759889,
302758386,
302756638,
302738901,
302723240,
302722315,
302720771,
302719571,
302718841,
302717749,
302717045,
302716436,
302714730,
302713649,
302254407,
302250848,
302249949,
302249063,
302247877,
302246393,
302245409,
302245055,
302244272,
302242874,
302242333,
302241897,
302241244,
302084437,
302082060,
302080864,
302077294,
302065841,
302065131,
302064782,
302063196,
302059687,
302059183,
302052204,
302047898,
302034749,
302029145,
302023057,
302022449,
302021004,
302020452,
302018678,
302017358,
301914957,
301912058,
301910741,
301910020,
301909565,
301907704,
301901538,
301900492,
301899088,
301898518,
301894753,
301893406,
301889588,
301886975,
301886443,
301882202,
301881359,
301879880,
301879441,
301878233,
301877732,
301875648,
301875219,
301858113,
301856239,
301851806,
301850701,
301849006,
301843574,
301842185,
301838786,
301838231,
301779531,
301773486,
301769244,
301766956,
301764963,
301763076,
301754657,
301752499,
301740900,
301737294,
301724346,
301721110,
301720104,
301717151,
301716596,
301711704,
301709141,
301706687,
299398665,
299398488,
299398081,
299397241,
299394718,
299392614,
299392357,
299389432,
299388770,
299388560,
299387261,
299386366,
299386163,
299385670,
299385297,
299384855,
299384535,
299383883,
299375887,
299373011,
298041842,
298041071,
298040008,
298039407,
298038297,
298037821,
298037445,
298036736,
298032252,
298031861,
298031500,
298030888,
298030494,
298030125,
298029860,
298029095,
298027932,
298027378,
298027076,
298026681,
298026109,
298025943,
298025446,
298025246,
296939876,
296939521,
296939048,
296938655,
296933714,
296933139,
296932909,
296932753,
296932215,
296931078,
296930764,
296930699,
296930441,
296930308,
296930010,
296929878,
296928365,
296928164,
296928000,
296927917,
296927815,
296927744,
296927564,
296927316,
296927166,
296927114,
296927045,
296926952,
271809136,
271808284,
271807543,
271806984,
271794940,
271792766,
271786691,
271785720,
270821869,
270819984,
270818178,
270813369,
270807663,
270805338,
268932093,
268931731,
268930825,
268913299,
268913168,
248991245,
217365088,
217364468,
217250994,
217147975,
217145969,
217141791,
217124884,
217124439,
217122678,
217116489,
215741876,
215739898,
215738658,
215733617,
215719400,
210643784,
210640721,
210637571,
210634161,
210632746,
193169999,
193168556,
193167993,
193167132,
193155792,
193154966,
193154773,
193153952,
193152830,
193146434,
193146297,
193146053,
193114142,
193112535,
193111901,
190022862,
188388850,
187249677,
187244594,
187241410,
